tx_id,account_id,timestamp,type,amount,currency,counterparty_address,channel,ip_country,device_id
TX-0001,ACC-037,2026-04-02T05:28:53Z,trade,6454.25,USDT,internal_exchange,web,GB,DEV-037B
TX-0002,ACC-015,2026-04-02T08:25:58Z,trade,14700.14,EUR,internal_exchange,mobile,JP,DEV-015B
TX-0003,ACC-007,2026-04-03T21:01:58Z,withdrawal,4194.99,USDT,0xa856ec9af58dddc49945269d,api,GB,DEV-007B
TX-0004,ACC-004,2026-04-04T01:33:52Z,withdrawal,860.86,EUR,0x47964cc69cba56d765275461,web,FR,DEV-004A
TX-0005,ACC-025,2026-04-04T03:04:18Z,trade,5225.09,USDT,internal_exchange,web,AU,DEV-025A
TX-0006,ACC-026,2026-04-04T09:05:14Z,withdrawal,4007.47,ETH,0x8401eaf3f0d4f807ec318d24,api,DE,DEV-026B
TX-0007,ACC-030,2026-04-04T14:10:42Z,trade,2775.06,ETH,internal_exchange,web,US,DEV-030B
TX-0008,ACC-014,2026-04-05T08:07:08Z,withdrawal,1748.02,BTC,0x9fa42b704898d4b8df135fb2,mobile,AU,DEV-014B
TX-0009,ACC-020,2026-04-05T17:22:54Z,withdrawal,459.34,USD,0xecce64812e110d7576c678f7,web,DE,DEV-020B
TX-0010,ACC-013,2026-04-05T20:50:24Z,deposit,4843.86,EUR,external_wallet_9883,web,GB,DEV-013A
TX-0011,ACC-001,2026-04-05T21:01:02Z,trade,13287.7,USD,internal_exchange,web,BR,DEV-001B
TX-0012,ACC-026,2026-04-05T21:51:23Z,deposit,4841.35,USD,external_wallet_2501,api,DE,DEV-026A
TX-0013,ACC-032,2026-04-05T23:42:59Z,deposit,71.2,USDT,external_wallet_8690,mobile,DE,DEV-032A
TX-0014,ACC-017,2026-04-06T00:05:20Z,deposit,3237.06,USD,external_wallet_7079,web,JP,DEV-017A
TX-0015,ACC-025,2026-04-06T05:07:18Z,trade,5788.5,ETH,internal_exchange,api,AU,DEV-025B
TX-0016,ACC-020,2026-04-06T12:33:48Z,trade,5311.54,BTC,internal_exchange,mobile,DE,DEV-020A
TX-0017,ACC-029,2026-04-06T21:05:30Z,trade,1535.35,USDT,internal_exchange,api,JP,DEV-029B
TX-0018,ACC-018,2026-04-07T00:45:36Z,trade,10857.09,BTC,internal_exchange,mobile,BR,DEV-018A
TX-0019,ACC-039,2026-04-07T02:21:04Z,withdrawal,564.82,USDT,0x7ffdd53cba3e184d0574311f,web,CA,DEV-039B
TX-0020,ACC-003,2026-04-07T14:22:36Z,trade,12279.04,BTC,internal_exchange,web,CA,DEV-003A
TX-0021,ACC-038,2026-04-07T15:39:58Z,withdrawal,4597.74,EUR,0xe5824d28e0a88f0e229bf5f5,api,JP,DEV-038A
TX-0022,ACC-018,2026-04-07T18:08:44Z,deposit,1373.62,USDT,external_wallet_6567,mobile,DE,DEV-018B
TX-0023,ACC-029,2026-04-08T06:51:30Z,deposit,4351.49,USDT,external_wallet_8126,mobile,JP,DEV-029A
TX-0024,ACC-029,2026-04-08T22:09:16Z,trade,6252.71,USD,internal_exchange,api,JP,DEV-029B
TX-0025,ACC-018,2026-04-09T07:40:54Z,trade,3460.67,EUR,internal_exchange,mobile,BR,DEV-018B
TX-0026,ACC-019,2026-04-09T10:06:49Z,withdrawal,3788.84,ETH,0x9383679cc86a2cdb9a8883a3,mobile,NL,DEV-019B
TX-0027,ACC-035,2026-04-09T19:54:33Z,deposit,1647.31,EUR,external_wallet_8239,web,SG,DEV-035B
TX-0028,ACC-012,2026-04-09T20:36:36Z,withdrawal,3261.03,USDT,0x8b12762e9cd137ff8029d895,mobile,JP,DEV-012B
TX-0029,ACC-039,2026-04-09T23:04:15Z,deposit,1720.97,USDT,external_wallet_9280,mobile,CA,DEV-039A
TX-0030,ACC-002,2026-04-10T01:11:35Z,trade,3627.5,ETH,internal_exchange,mobile,FR,DEV-002B
TX-0031,ACC-021,2026-04-10T01:14:30Z,trade,2331.95,USD,internal_exchange,web,DE,DEV-021A
TX-0032,ACC-029,2026-04-10T01:36:28Z,trade,11916.34,ETH,internal_exchange,api,JP,DEV-029B
TX-0033,ACC-037,2026-04-10T01:52:19Z,deposit,3489.21,USDT,external_wallet_2320,api,GB,DEV-037A
TX-0034,ACC-019,2026-04-10T04:12:53Z,withdrawal,3874.58,EUR,0x8ed3670dacc60aca5ec881a1,api,NL,DEV-019B
TX-0035,ACC-020,2026-04-10T10:28:25Z,trade,727.93,BTC,internal_exchange,mobile,DE,DEV-020A
TX-0036,ACC-003,2026-04-10T13:23:20Z,trade,10281.77,USDT,internal_exchange,web,CA,DEV-003B
TX-0037,ACC-010,2026-04-10T16:20:42Z,withdrawal,194.73,EUR,0xbb6921f78e101697d39afd54,web,GB,DEV-010B
TX-0038,ACC-040,2026-04-10T17:28:41Z,trade,808.94,EUR,internal_exchange,web,CA,DEV-040A
TX-0039,ACC-024,2026-04-11T03:37:03Z,withdrawal,3863.99,EUR,0xcc7fc0b090861e804d389726,mobile,FR,DEV-024B
TX-0040,ACC-031,2026-04-11T09:15:49Z,trade,14166.12,USD,internal_exchange,api,SG,DEV-031B
TX-0041,ACC-017,2026-04-11T14:30:58Z,trade,12427.88,USDT,internal_exchange,api,JP,DEV-017A
TX-0042,ACC-026,2026-04-11T14:50:57Z,withdrawal,4618.24,USD,0x0a552c8b017169099baf6cca,mobile,DE,DEV-026A
TX-0043,ACC-007,2026-04-12T03:42:07Z,withdrawal,1071.57,USD,0x811c68392f01e7d83233b41b,mobile,GB,DEV-007B
TX-0044,ACC-029,2026-04-12T18:56:35Z,trade,8260.83,USDT,internal_exchange,mobile,JP,DEV-029B
TX-0045,ACC-015,2026-04-13T03:40:04Z,withdrawal,4705.11,USDT,0x941c8fd8a92930147dab2740,web,JP,DEV-015B
TX-0046,ACC-006,2026-04-13T04:01:57Z,deposit,1996.82,USD,external_wallet_9612,mobile,DE,DEV-006A
TX-0047,ACC-018,2026-04-13T09:23:39Z,withdrawal,154.83,USDT,0x374d3bab133edcad360e53cc,mobile,BR,DEV-018B
TX-0048,ACC-036,2026-04-13T11:48:26Z,deposit,1937.88,USD,external_wallet_5582,api,JP,DEV-036A
TX-0049,ACC-014,2026-04-13T14:54:13Z,trade,11626.81,EUR,internal_exchange,web,AU,DEV-014A
TX-0050,ACC-025,2026-04-13T20:45:49Z,withdrawal,541.69,BTC,0x79d765f1b89dea4eb935da71,mobile,AU,DEV-025A
TX-0051,ACC-004,2026-04-14T00:05:27Z,deposit,2991.62,USD,external_wallet_5681,api,GB,DEV-004B
TX-0052,ACC-009,2026-04-14T06:08:56Z,deposit,4211.51,EUR,external_wallet_1878,mobile,BR,DEV-009B
TX-0053,ACC-038,2026-04-14T19:26:04Z,trade,6405.83,EUR,internal_exchange,web,JP,DEV-038B
TX-0054,ACC-005,2026-04-15T07:51:58Z,withdrawal,4431.82,EUR,0xec81c6318184e5b7a74544b2,mobile,US,DEV-005A
TX-0055,ACC-017,2026-04-15T17:32:58Z,trade,12340.63,USD,internal_exchange,mobile,JP,DEV-017A
TX-0056,ACC-004,2026-04-16T00:42:09Z,deposit,20.76,USD,external_wallet_5345,mobile,FR,DEV-004B
TX-0057,ACC-024,2026-04-16T01:02:54Z,deposit,1551.24,ETH,external_wallet_6598,mobile,FR,DEV-024A
TX-0058,ACC-037,2026-04-16T05:58:10Z,trade,11114.34,ETH,internal_exchange,api,GB,DEV-037A
TX-0059,ACC-016,2026-04-16T18:39:23Z,trade,8420.26,USD,internal_exchange,api,JP,DEV-016A
TX-0060,ACC-029,2026-04-17T07:57:19Z,withdrawal,422.53,BTC,0x80d9becb569bd4c23c9f7438,mobile,CA,DEV-029B
TX-0061,ACC-006,2026-04-17T10:58:03Z,trade,14891.32,ETH,internal_exchange,api,DE,DEV-006B
TX-0062,ACC-029,2026-04-18T01:16:15Z,deposit,1830.66,ETH,external_wallet_2476,mobile,JP,DEV-029B
TX-0063,ACC-018,2026-04-18T08:05:35Z,withdrawal,2551.93,EUR,0xd83cc65479d871f030d41007,web,BR,DEV-018B
TX-0064,ACC-038,2026-04-18T10:07:44Z,trade,4280.83,BTC,internal_exchange,web,JP,DEV-038B
TX-0065,ACC-019,2026-04-19T12:09:15Z,withdrawal,1374.39,USD,0xf04ff1fa4b65e3780326653e,mobile,NL,DEV-019B
TX-0066,ACC-033,2026-04-20T03:40:35Z,deposit,3883.38,USDT,external_wallet_3419,web,NL,DEV-033B
TX-0067,ACC-030,2026-04-20T08:15:30Z,withdrawal,150000.0,USDT,0x534a9f...b2e3,mobile,GB,DEV-30C
TX-0068,ACC-035,2026-04-20T12:19:05Z,deposit,1506.78,ETH,external_wallet_3852,mobile,SG,DEV-035A
TX-0069,ACC-003,2026-04-21T09:03:05Z,withdrawal,1749.4,BTC,0x89e2667003ad83ddcd0274fe,web,CA,DEV-003A
TX-0070,ACC-004,2026-04-22T06:19:03Z,trade,12500.94,USDT,internal_exchange,web,FR,DEV-004B
TX-0071,ACC-025,2026-04-22T07:17:22Z,trade,6314.37,EUR,internal_exchange,api,AU,DEV-025B
TX-0072,ACC-028,2026-04-22T09:50:42Z,deposit,3394.31,EUR,external_wallet_8972,api,FR,DEV-028A
TX-0073,ACC-027,2026-04-22T18:28:31Z,deposit,418.71,BTC,external_wallet_9837,web,FR,DEV-027B
TX-0074,ACC-036,2026-04-23T09:11:33Z,withdrawal,2133.26,EUR,0x1bbdae542941105a3b4deeb3,mobile,JP,DEV-036B
TX-0075,ACC-029,2026-04-23T17:15:58Z,deposit,1827.85,ETH,external_wallet_8277,api,JP,DEV-029B
TX-0076,ACC-004,2026-04-24T00:01:35Z,deposit,4967.48,ETH,external_wallet_6224,api,FR,DEV-004B
TX-0077,ACC-005,2026-04-24T03:51:00Z,trade,11325.79,ETH,internal_exchange,web,US,DEV-005A
TX-0078,ACC-040,2026-04-24T03:54:53Z,deposit,3371.21,USDT,external_wallet_2388,api,CA,DEV-040A
TX-0079,ACC-006,2026-04-24T04:10:42Z,withdrawal,2922.52,EUR,0x3f9dfd50d5e848ef628ac142,web,DE,DEV-006B
TX-0080,ACC-019,2026-04-24T09:29:53Z,deposit,4067.65,USD,external_wallet_3937,web,NL,DEV-019A
TX-0081,ACC-010,2026-04-24T13:54:04Z,trade,8457.67,USD,internal_exchange,api,GB,DEV-010B
TX-0082,ACC-016,2026-04-25T02:30:42Z,withdrawal,1344.68,ETH,0x9a8e102416a6c818ef77f40c,mobile,JP,DEV-016B
TX-0083,ACC-019,2026-04-25T06:32:58Z,trade,6308.98,ETH,internal_exchange,web,NL,DEV-019A
TX-0084,ACC-019,2026-04-25T14:15:49Z,deposit,3957.63,BTC,external_wallet_6170,mobile,NL,DEV-019B
TX-0085,ACC-013,2026-04-25T22:47:01Z,deposit,2701.64,USDT,external_wallet_9697,api,GB,DEV-013A
TX-0086,ACC-021,2026-04-26T07:38:51Z,trade,6238.26,EUR,internal_exchange,web,DE,DEV-021A
TX-0087,ACC-021,2026-04-26T09:59:01Z,trade,1746.06,ETH,internal_exchange,mobile,DE,DEV-021A
TX-0088,ACC-012,2026-04-26T21:42:08Z,trade,11061.64,USDT,internal_exchange,mobile,JP,DEV-012A
TX-0089,ACC-022,2026-04-27T07:41:50Z,withdrawal,4291.22,BTC,0x610911e5a2703587428f4deb,web,AU,DEV-022B
TX-0090,ACC-019,2026-04-27T11:45:23Z,withdrawal,3210.15,EUR,0x550b717e708aa6e3438045f0,web,NL,DEV-019B
TX-0091,ACC-008,2026-04-27T20:17:26Z,trade,11156.07,ETH,internal_exchange,web,SG,DEV-008B
TX-0092,ACC-012,2026-04-28T00:23:05Z,deposit,1901.73,ETH,external_wallet_8449,mobile,JP,DEV-012B
TX-0093,ACC-002,2026-04-28T00:35:25Z,trade,6771.15,USD,internal_exchange,mobile,CA,DEV-002A
TX-0094,ACC-023,2026-04-28T02:07:55Z,trade,10227.15,USDT,internal_exchange,api,FR,DEV-023A
TX-0095,ACC-007,2026-04-28T08:32:22Z,trade,1775.66,BTC,internal_exchange,api,GB,DEV-007B
TX-0096,ACC-004,2026-04-28T16:14:41Z,trade,8340.38,BTC,internal_exchange,api,FR,DEV-004A
TX-0097,ACC-025,2026-04-29T01:02:01Z,withdrawal,2438.48,EUR,0xfcd184b181224eebecc32fa5,web,AU,DEV-025B
TX-0098,ACC-014,2026-04-29T02:11:43Z,trade,8007.6,EUR,internal_exchange,api,AU,DEV-014B
TX-0099,ACC-016,2026-04-29T06:41:00Z,deposit,384.57,BTC,external_wallet_7693,mobile,JP,DEV-016B
TX-0100,ACC-008,2026-04-29T06:42:46Z,trade,8064.0,EUR,internal_exchange,api,SG,DEV-008A
TX-0101,ACC-002,2026-04-29T21:04:16Z,withdrawal,3139.55,USDT,0x370954a49a06e7f43d0a564d,mobile,FR,DEV-002B
TX-0102,ACC-003,2026-04-29T21:42:43Z,trade,3317.2,USD,internal_exchange,web,CA,DEV-003A
TX-0103,ACC-025,2026-04-29T23:49:04Z,trade,10448.07,EUR,internal_exchange,mobile,AU,DEV-025B
TX-0104,ACC-009,2026-04-30T02:28:24Z,deposit,1349.35,ETH,external_wallet_2036,web,BR,DEV-009B
TX-0105,ACC-039,2026-04-30T15:35:15Z,trade,7862.46,USD,internal_exchange,mobile,CA,DEV-039B
TX-0106,ACC-013,2026-04-30T23:51:56Z,trade,10827.88,ETH,internal_exchange,api,GB,DEV-013A
TX-0107,ACC-003,2026-05-01T12:48:08Z,trade,4241.58,EUR,internal_exchange,api,CA,DEV-003A
TX-0108,ACC-036,2026-05-01T18:45:30Z,deposit,4708.01,USDT,external_wallet_5735,api,JP,DEV-036B
TX-0109,ACC-010,2026-05-01T23:35:38Z,withdrawal,3594.63,USDT,0x6e1eb2f9b44a1266f0e37921,mobile,GB,DEV-010A
TX-0110,ACC-039,2026-05-01T23:38:40Z,deposit,1610.12,ETH,external_wallet_8848,mobile,CA,DEV-039B
TX-0111,ACC-034,2026-05-02T07:01:26Z,trade,12132.58,EUR,internal_exchange,mobile,CA,DEV-034B
TX-0112,ACC-009,2026-05-02T07:51:14Z,withdrawal,4554.45,BTC,0x3507d6d4f805c91f6c57a284,web,BR,DEV-009A
TX-0113,ACC-003,2026-05-02T20:12:56Z,deposit,693.81,USDT,external_wallet_8761,api,CA,DEV-003A
TX-0114,ACC-026,2026-05-02T20:34:49Z,trade,3106.13,ETH,internal_exchange,web,DE,DEV-026B
TX-0115,ACC-032,2026-05-03T12:42:16Z,deposit,3747.53,USDT,external_wallet_1613,web,DE,DEV-032A
TX-0116,ACC-016,2026-05-03T15:51:39Z,trade,13230.39,ETH,internal_exchange,mobile,JP,DEV-016B
TX-0117,ACC-034,2026-05-03T20:54:17Z,trade,2205.12,ETH,internal_exchange,web,CA,DEV-034B
TX-0118,ACC-010,2026-05-04T02:20:42Z,trade,1421.78,EUR,internal_exchange,web,GB,DEV-010B
TX-0119,ACC-020,2026-05-04T10:48:37Z,trade,12255.98,ETH,internal_exchange,api,DE,DEV-020B
TX-0120,ACC-001,2026-05-04T12:11:49Z,deposit,1499.79,EUR,external_wallet_9022,web,BR,DEV-001B
TX-0121,ACC-006,2026-05-04T12:18:39Z,deposit,3313.07,USD,external_wallet_8242,mobile,DE,DEV-006A
TX-0122,ACC-011,2026-05-04T22:45:47Z,trade,13088.89,USD,internal_exchange,web,CA,DEV-011B
TX-0123,ACC-036,2026-05-04T23:08:29Z,trade,10869.82,EUR,internal_exchange,web,JP,DEV-036A
TX-0124,ACC-019,2026-05-05T03:09:49Z,withdrawal,409.54,USDT,0x3a83764e0e8927723d69459a,api,NL,DEV-019B
TX-0125,ACC-008,2026-05-05T03:23:42Z,withdrawal,4369.3,USD,0x6f493bde18bb74eac56e97b8,web,SG,DEV-008B
TX-0126,ACC-006,2026-05-05T08:40:48Z,deposit,2249.73,EUR,external_wallet_9395,mobile,DE,DEV-006A
TX-0127,ACC-017,2026-05-06T04:44:29Z,trade,5520.76,USD,internal_exchange,web,JP,DEV-017A
TX-0128,ACC-019,2026-05-06T10:32:52Z,trade,14518.06,ETH,internal_exchange,mobile,NL,DEV-019B
TX-0129,ACC-029,2026-05-06T20:20:08Z,withdrawal,2144.16,BTC,0x48c4a31c612e4313a3dbeef1,api,JP,DEV-029A
TX-0130,ACC-012,2026-05-07T04:48:29Z,deposit,3541.03,USD,external_wallet_9586,api,JP,DEV-012B
TX-0131,ACC-031,2026-05-07T23:00:22Z,trade,10571.34,USD,internal_exchange,web,SG,DEV-031B
TX-0132,ACC-029,2026-05-07T23:34:17Z,deposit,413.14,EUR,external_wallet_3430,web,JP,DEV-029B
TX-0133,ACC-005,2026-05-08T04:32:12Z,trade,5070.92,EUR,internal_exchange,web,US,DEV-005A
TX-0134,ACC-025,2026-05-08T11:37:43Z,deposit,3879.97,BTC,external_wallet_6213,api,AU,DEV-025B
TX-0135,ACC-011,2026-05-09T09:46:25Z,withdrawal,2137.58,USD,0x88e25a3b25b939cc4030b167,api,CA,DEV-011B
TX-0136,ACC-011,2026-05-09T12:16:18Z,trade,433.89,USDT,internal_exchange,api,CA,DEV-011B
TX-0137,ACC-010,2026-05-09T15:29:11Z,trade,5611.6,BTC,internal_exchange,api,GB,DEV-010B
TX-0138,ACC-001,2026-05-09T22:29:29Z,trade,12738.0,ETH,internal_exchange,mobile,BR,DEV-001A
TX-0139,ACC-021,2026-05-10T01:39:39Z,trade,13505.7,EUR,internal_exchange,mobile,DE,DEV-021B
TX-0140,ACC-019,2026-05-10T10:13:25Z,withdrawal,967.28,USD,0x6cb564ad0ebf85bfa6431ee7,web,NL,DEV-019B
TX-0141,ACC-037,2026-05-10T20:14:55Z,trade,333.11,USDT,internal_exchange,mobile,GB,DEV-037A
TX-0142,ACC-016,2026-05-11T06:45:03Z,trade,6831.97,EUR,internal_exchange,mobile,JP,DEV-016A
TX-0143,ACC-019,2026-05-11T08:59:25Z,withdrawal,1112.04,ETH,0x07216a7a522b3727617b7974,api,NL,DEV-019B
TX-0144,ACC-010,2026-05-11T19:00:19Z,trade,6143.61,EUR,internal_exchange,mobile,GB,DEV-010A
TX-0145,ACC-029,2026-05-12T10:25:55Z,trade,12419.92,USD,internal_exchange,mobile,JP,DEV-029B
TX-0146,ACC-010,2026-05-12T10:27:00Z,deposit,9542.45,USD,bank_wire_ref_774,web,US,DEV-10A
TX-0147,ACC-010,2026-05-12T11:09:00Z,deposit,9659.43,USD,bank_wire_ref_520,web,US,DEV-10A
TX-0148,ACC-010,2026-05-12T11:53:00Z,deposit,9888.73,USD,bank_wire_ref_155,web,US,DEV-10A
TX-0149,ACC-010,2026-05-12T12:51:00Z,deposit,9794.05,USD,bank_wire_ref_761,web,US,DEV-10A
TX-0150,ACC-010,2026-05-12T13:12:00Z,deposit,9527.28,USD,bank_wire_ref_845,web,US,DEV-10A
TX-0151,ACC-039,2026-05-12T18:08:08Z,withdrawal,2274.04,EUR,0x098b216e6dc263197d5808cb,api,CA,DEV-039A
TX-0152,ACC-007,2026-05-12T19:34:22Z,withdrawal,3473.07,BTC,0x6610c60bdf370a53f20ed0cb,web,GB,DEV-007B
TX-0153,ACC-038,2026-05-13T08:52:17Z,trade,1670.62,USD,internal_exchange,mobile,JP,DEV-038B
TX-0154,ACC-014,2026-05-13T13:02:38Z,withdrawal,670.96,USDT,0x815080e1a34e9c11c3da17e1,web,AU,DEV-014A
TX-0155,ACC-017,2026-05-13T16:58:38Z,trade,4195.8,EUR,internal_exchange,mobile,JP,DEV-017B
TX-0156,ACC-036,2026-05-13T21:26:09Z,trade,3192.23,EUR,internal_exchange,api,JP,DEV-036B
TX-0157,ACC-037,2026-05-13T22:25:10Z,trade,4881.96,USDT,internal_exchange,web,GB,DEV-037B
TX-0158,ACC-007,2026-05-14T01:09:26Z,trade,14088.84,USDT,internal_exchange,web,GB,DEV-007A
TX-0159,ACC-022,2026-05-14T06:44:21Z,trade,207.69,USDT,internal_exchange,web,AU,DEV-022A
TX-0160,ACC-027,2026-05-14T08:16:59Z,trade,13341.17,ETH,internal_exchange,web,FR,DEV-027A
TX-0161,ACC-026,2026-05-14T08:58:09Z,trade,2152.15,USDT,internal_exchange,web,SG,DEV-026A
TX-0162,ACC-009,2026-05-14T13:10:02Z,trade,9705.92,USD,internal_exchange,mobile,BR,DEV-009B
TX-0163,ACC-029,2026-05-14T16:44:18Z,trade,7596.43,EUR,internal_exchange,mobile,JP,DEV-029B
TX-0164,ACC-017,2026-05-14T21:20:08Z,trade,9197.56,USD,internal_exchange,web,JP,DEV-017A
TX-0165,ACC-019,2026-05-15T05:00:06Z,withdrawal,4809.02,BTC,0x553dd1d40f27d0f06b28ebba,web,NL,DEV-019B
TX-0166,ACC-032,2026-05-15T10:53:32Z,withdrawal,3199.15,EUR,0xd6dc7d6375b57e9c92c37d64,api,DE,DEV-032B
TX-0167,ACC-013,2026-05-15T13:32:32Z,trade,5348.89,USD,internal_exchange,web,GB,DEV-013B
TX-0168,ACC-016,2026-05-15T17:48:33Z,withdrawal,3276.49,USDT,0x892ae0410a9a6bc366d953d2,mobile,JP,DEV-016B
TX-0169,ACC-035,2026-05-15T19:47:32Z,deposit,4828.33,USD,external_wallet_4178,mobile,SG,DEV-035B
TX-0170,ACC-040,2026-05-15T19:50:07Z,withdrawal,4535.58,EUR,0x36fe7b90275abaa9ff28f006,web,CA,DEV-040A
TX-0171,ACC-024,2026-05-15T22:11:46Z,trade,12970.54,BTC,internal_exchange,api,FR,DEV-024B
TX-0172,ACC-024,2026-05-16T20:53:59Z,deposit,1600.24,BTC,external_wallet_6493,web,FR,DEV-024B
TX-0173,ACC-032,2026-05-16T22:46:36Z,withdrawal,96.04,USDT,0xbc8aba3806d586678df618b1,web,DE,DEV-032B
TX-0174,ACC-021,2026-05-17T05:44:00Z,deposit,1334.18,ETH,external_wallet_7897,api,DE,DEV-021A
TX-0175,ACC-027,2026-05-17T08:32:08Z,withdrawal,2367.3,ETH,0x21925301a0b3eaf6c3e7e38c,web,FR,DEV-027B
TX-0176,ACC-018,2026-05-17T13:04:10Z,withdrawal,3028.8,BTC,0x2297a5df7dfea11231782b30,api,BR,DEV-018A
TX-0177,ACC-009,2026-05-18T12:31:17Z,trade,2236.34,USDT,internal_exchange,web,BR,DEV-009B
TX-0178,ACC-034,2026-05-18T14:24:33Z,withdrawal,3220.27,BTC,0xe140920fbe61a3ffef8e9e7a,mobile,CA,DEV-034A
TX-0179,ACC-011,2026-05-19T10:11:39Z,trade,10830.87,ETH,internal_exchange,web,CA,DEV-011B
TX-0180,ACC-007,2026-05-19T13:15:57Z,withdrawal,3976.54,USDT,0x2811ce8efeee5ef01561985d,web,GB,DEV-007B
TX-0181,ACC-008,2026-05-19T13:41:44Z,deposit,3737.6,ETH,external_wallet_3116,mobile,SG,DEV-008A
TX-0182,ACC-031,2026-05-19T23:41:03Z,withdrawal,4789.03,USD,0x5b197f1a58859bcf062d2de6,mobile,SG,DEV-031A
TX-0183,ACC-025,2026-05-20T08:51:50Z,trade,1960.52,EUR,internal_exchange,web,AU,DEV-025B
TX-0184,ACC-026,2026-05-20T23:05:46Z,trade,6849.65,USDT,internal_exchange,mobile,DE,DEV-026B
TX-0185,ACC-039,2026-05-21T11:30:07Z,trade,13497.6,ETH,internal_exchange,mobile,SG,DEV-039A
TX-0186,ACC-028,2026-05-21T19:48:26Z,deposit,1770.55,EUR,external_wallet_7825,web,FR,DEV-028A
TX-0187,ACC-011,2026-05-21T20:52:44Z,trade,2142.38,EUR,internal_exchange,mobile,CA,DEV-011A
TX-0188,ACC-040,2026-05-21T20:55:16Z,withdrawal,3451.15,USDT,0x12ae8f16dd57cc6f812030d8,web,CA,DEV-040B
TX-0189,ACC-036,2026-05-22T00:31:09Z,trade,12039.83,ETH,internal_exchange,web,JP,DEV-036A
TX-0190,ACC-025,2026-05-22T08:17:32Z,withdrawal,3416.82,EUR,0xa99e0b22a9024ea7d8bd3bdc,mobile,AU,DEV-025B
TX-0191,ACC-006,2026-05-22T12:23:55Z,withdrawal,1558.27,USDT,0x4ef2b8383cfc4355cb4474c7,web,DE,DEV-006A
TX-0192,ACC-009,2026-05-22T15:29:42Z,trade,101.93,BTC,internal_exchange,mobile,BR,DEV-009B
TX-0193,ACC-013,2026-05-22T22:59:42Z,trade,4316.96,BTC,internal_exchange,web,GB,DEV-013A
TX-0194,ACC-032,2026-05-23T00:21:36Z,deposit,2665.74,USD,external_wallet_1194,web,DE,DEV-032B
TX-0195,ACC-017,2026-05-23T04:46:44Z,withdrawal,3361.73,USDT,0x75ab0c750afdf0503b25d4ed,web,GB,DEV-017A
TX-0196,ACC-040,2026-05-23T12:39:31Z,trade,12783.89,EUR,internal_exchange,mobile,CA,DEV-040B
TX-0197,ACC-030,2026-05-23T15:03:09Z,withdrawal,3865.01,USD,0xe5daba8c482ec4825f65fb1c,api,US,DEV-030B
TX-0198,ACC-032,2026-05-23T23:02:50Z,withdrawal,3988.48,USDT,0x820a18cd18072615650022ba,mobile,DE,DEV-032A
TX-0199,ACC-021,2026-05-24T00:54:31Z,trade,5683.53,ETH,internal_exchange,mobile,DE,DEV-021B
TX-0200,ACC-009,2026-05-24T06:48:23Z,trade,9249.46,BTC,internal_exchange,web,BR,DEV-009A
TX-0201,ACC-012,2026-05-24T09:35:10Z,trade,1362.47,USDT,internal_exchange,api,JP,DEV-012A
TX-0202,ACC-008,2026-05-24T14:02:39Z,deposit,1721.96,BTC,external_wallet_3692,api,SG,DEV-008A
TX-0203,ACC-002,2026-05-24T23:05:13Z,withdrawal,1631.82,USD,0x877c4d3606cfd55adebd3ecc,mobile,FR,DEV-002B
TX-0204,ACC-020,2026-05-25T06:22:58Z,trade,5909.77,EUR,internal_exchange,api,DE,DEV-020B
TX-0205,ACC-033,2026-05-25T10:57:39Z,trade,13098.62,BTC,internal_exchange,api,NL,DEV-033A
TX-0206,ACC-020,2026-05-25T17:19:30Z,trade,9632.76,EUR,internal_exchange,api,DE,DEV-020B
TX-0207,ACC-023,2026-05-25T22:42:36Z,withdrawal,4963.53,USDT,0x5dd59d05ca915afa7b577dd4,api,FR,DEV-023A
TX-0208,ACC-002,2026-05-26T00:29:49Z,trade,11296.2,USD,internal_exchange,web,FR,DEV-002A
TX-0209,ACC-036,2026-05-26T07:42:20Z,trade,6292.79,ETH,internal_exchange,web,JP,DEV-036B
TX-0210,ACC-022,2026-05-26T12:23:06Z,withdrawal,2721.72,USD,0xd267cfee1e00605257379ede,web,AU,DEV-022A
TX-0211,ACC-028,2026-05-26T12:40:35Z,trade,4566.72,USD,internal_exchange,mobile,FR,DEV-028B
TX-0212,ACC-029,2026-05-26T14:29:29Z,withdrawal,1815.31,EUR,0x3ab7b91c1f60cf0f5e892ad4,api,JP,DEV-029A
TX-0213,ACC-020,2026-05-26T19:23:42Z,deposit,1872.8,ETH,external_wallet_9369,mobile,DE,DEV-020A
TX-0214,ACC-036,2026-05-26T21:36:57Z,trade,1127.53,BTC,internal_exchange,mobile,GB,DEV-036B
TX-0215,ACC-020,2026-05-27T12:43:36Z,deposit,3296.73,USD,external_wallet_7176,web,DE,DEV-020B
TX-0216,ACC-037,2026-05-27T16:07:28Z,deposit,4080.59,USDT,external_wallet_6427,api,GB,DEV-037B
TX-0217,ACC-022,2026-05-27T22:22:17Z,deposit,638.36,EUR,external_wallet_4362,web,AU,DEV-022A
TX-0218,ACC-035,2026-05-28T04:07:36Z,deposit,880.74,BTC,external_wallet_3159,web,SG,DEV-035A
TX-0219,ACC-026,2026-05-29T14:45:17Z,trade,7432.24,BTC,internal_exchange,api,SG,DEV-026B
TX-0220,ACC-038,2026-05-29T17:45:56Z,withdrawal,3961.17,BTC,0x6bbf21737b7fb7e8891850cf,api,JP,DEV-038B
TX-0221,ACC-009,2026-05-29T17:58:23Z,deposit,3894.79,USDT,external_wallet_6933,mobile,BR,DEV-009A
TX-0222,ACC-010,2026-05-29T20:49:21Z,trade,1323.45,ETH,internal_exchange,web,GB,DEV-010B
TX-0223,ACC-030,2026-05-29T21:37:15Z,deposit,308.97,USD,external_wallet_7809,mobile,US,DEV-030B
TX-0224,ACC-018,2026-05-30T03:03:39Z,withdrawal,4038.03,EUR,0xdde27bf9567576c4396c84d1,api,BR,DEV-018A
TX-0225,ACC-016,2026-05-30T08:22:17Z,trade,3026.99,BTC,internal_exchange,web,JP,DEV-016B
TX-0226,ACC-009,2026-05-30T09:56:34Z,deposit,2475.17,USDT,external_wallet_7044,mobile,BR,DEV-009A
TX-0227,ACC-003,2026-05-31T00:17:49Z,trade,729.65,EUR,internal_exchange,mobile,CA,DEV-003B
TX-0228,ACC-039,2026-05-31T03:15:48Z,deposit,4310.48,USD,external_wallet_2964,api,CA,DEV-039A
TX-0229,ACC-010,2026-05-31T04:01:47Z,deposit,2066.14,ETH,external_wallet_3785,web,GB,DEV-010B
TX-0230,ACC-035,2026-05-31T12:03:26Z,trade,11068.71,ETH,internal_exchange,mobile,SG,DEV-035B
TX-0231,ACC-001,2026-05-31T17:18:28Z,trade,6228.05,ETH,internal_exchange,api,BR,DEV-001B
TX-0232,ACC-020,2026-05-31T18:40:11Z,trade,7842.7,USD,internal_exchange,mobile,DE,DEV-020A
TX-0233,ACC-030,2026-06-01T11:46:47Z,trade,11975.4,BTC,internal_exchange,mobile,US,DEV-030A
TX-0234,ACC-024,2026-06-01T17:13:13Z,deposit,2635.04,EUR,external_wallet_9316,api,SG,DEV-024A
TX-0235,ACC-020,2026-06-01T22:20:38Z,deposit,2675.33,USDT,external_wallet_1745,web,DE,DEV-020A
TX-0236,ACC-008,2026-06-02T00:18:18Z,withdrawal,806.99,EUR,0xe4ac50ec2b7a26e515f446e3,api,SG,DEV-008A
TX-0237,ACC-030,2026-06-02T00:50:06Z,trade,2411.74,USD,internal_exchange,mobile,US,DEV-030B
TX-0238,ACC-026,2026-06-02T14:44:34Z,withdrawal,2767.98,BTC,0x03ec01a383536b02f1a8edb3,web,DE,DEV-026B
TX-0239,ACC-001,2026-06-02T17:03:46Z,withdrawal,963.37,ETH,0x35d056b863ac0b681870137d,api,BR,DEV-001B
TX-0240,ACC-037,2026-06-03T16:20:56Z,deposit,4291.5,BTC,external_wallet_3221,mobile,GB,DEV-037B
TX-0241,ACC-023,2026-06-03T16:31:32Z,trade,4392.27,USDT,internal_exchange,api,FR,DEV-023B
TX-0242,ACC-010,2026-06-04T00:14:37Z,deposit,2533.61,USDT,external_wallet_1990,api,GB,DEV-010B
TX-0243,ACC-005,2026-06-04T06:24:24Z,deposit,3942.72,EUR,external_wallet_9843,api,US,DEV-005A
TX-0244,ACC-031,2026-06-04T07:55:53Z,withdrawal,1673.21,BTC,0x706594db56d12b295a036e54,mobile,SG,DEV-031B
TX-0245,ACC-035,2026-06-04T09:48:27Z,trade,14809.13,EUR,internal_exchange,web,SG,DEV-035B
TX-0246,ACC-028,2026-06-05T01:14:38Z,deposit,3696.59,ETH,external_wallet_1982,api,FR,DEV-028B
TX-0247,ACC-005,2026-06-05T02:50:51Z,withdrawal,3999.52,EUR,0x9299dc2fb99ca45d4dbf7353,web,US,DEV-005B
TX-0248,ACC-033,2026-06-05T07:39:44Z,withdrawal,287.62,ETH,0xe3356483ce43596aaebef074,api,NL,DEV-033B
TX-0249,ACC-011,2026-06-05T10:27:39Z,withdrawal,3610.76,EUR,0x1c1fa29897bebf15a6b622e2,web,CA,DEV-011A
TX-0250,ACC-017,2026-06-05T12:28:59Z,withdrawal,2279.38,USDT,0xfabaa59505e38a61abf089d2,api,JP,DEV-017A
TX-0251,ACC-012,2026-06-06T03:09:21Z,trade,9849.86,ETH,internal_exchange,api,JP,DEV-012B
TX-0252,ACC-038,2026-06-06T05:19:50Z,withdrawal,2154.64,BTC,0xe704ea4e2acd595d89a623e6,web,JP,DEV-038A
TX-0253,ACC-024,2026-06-07T04:38:11Z,withdrawal,2006.11,USD,0x70f606e507cadbf4d726fb62,mobile,FR,DEV-024B
TX-0254,ACC-028,2026-06-07T14:30:58Z,withdrawal,243.95,USDT,0x9cce0bf1895cb0a48f1addab,mobile,FR,DEV-028B
TX-0255,ACC-005,2026-06-07T22:29:51Z,deposit,3965.22,EUR,external_wallet_5728,mobile,US,DEV-005B
TX-0256,ACC-015,2026-06-08T01:37:41Z,withdrawal,3101.54,EUR,0x2b38f85317364eeade582e9c,web,JP,DEV-015B
TX-0257,ACC-027,2026-06-08T16:46:24Z,withdrawal,1506.44,ETH,0xdb6921c1b0aab5898a873879,web,FR,DEV-027B
TX-0258,ACC-040,2026-06-08T19:29:00Z,withdrawal,1970.84,EUR,0x9d0844bd94c2b4d7249f9a4c,api,CA,DEV-040B
TX-0259,ACC-013,2026-06-08T22:45:05Z,trade,7606.3,USD,internal_exchange,mobile,GB,DEV-013B
TX-0260,ACC-015,2026-06-09T13:48:24Z,trade,6948.65,BTC,internal_exchange,api,JP,DEV-015B
TX-0261,ACC-022,2026-06-10T00:28:41Z,trade,8978.83,ETH,internal_exchange,web,AU,DEV-022A
TX-0262,ACC-020,2026-06-10T00:59:02Z,trade,10336.25,BTC,internal_exchange,api,DE,DEV-020A
TX-0263,ACC-008,2026-06-10T14:31:47Z,trade,14959.11,ETH,internal_exchange,api,SG,DEV-008A
TX-0264,ACC-029,2026-06-10T14:35:56Z,trade,1680.36,EUR,internal_exchange,web,JP,DEV-029A
TX-0265,ACC-027,2026-06-11T05:52:01Z,trade,14413.77,USD,internal_exchange,api,FR,DEV-027A
TX-0266,ACC-040,2026-06-11T19:31:18Z,deposit,1239.78,BTC,external_wallet_2344,mobile,CA,DEV-040A
TX-0267,ACC-028,2026-06-11T23:11:35Z,trade,5036.67,ETH,internal_exchange,api,FR,DEV-028A
TX-0268,ACC-014,2026-06-12T12:21:17Z,trade,14357.45,BTC,internal_exchange,web,AU,DEV-014A
TX-0269,ACC-016,2026-06-13T01:52:40Z,trade,9722.65,BTC,internal_exchange,api,JP,DEV-016B
TX-0270,ACC-031,2026-06-13T05:18:01Z,trade,13062.43,BTC,internal_exchange,mobile,SG,DEV-031A
TX-0271,ACC-039,2026-06-13T05:50:45Z,trade,3708.78,BTC,internal_exchange,mobile,CA,DEV-039A
TX-0272,ACC-036,2026-06-13T07:51:36Z,deposit,4243.2,USD,external_wallet_3184,mobile,JP,DEV-036B
TX-0273,ACC-030,2026-06-13T22:43:26Z,withdrawal,1802.71,USDT,0x6dab115cdaf14783c0f6ffe1,mobile,US,DEV-030B
TX-0274,ACC-017,2026-06-14T02:10:22Z,deposit,1152.33,EUR,external_wallet_1339,api,JP,DEV-017A
TX-0275,ACC-021,2026-06-14T13:03:39Z,trade,10217.63,USDT,internal_exchange,web,DE,DEV-021A
TX-0276,ACC-005,2026-06-14T15:50:05Z,withdrawal,310.68,BTC,0x927d73fc4fea0bef8aa8d978,web,US,DEV-005A
TX-0277,ACC-025,2026-06-14T21:43:42Z,trade,292.82,BTC,internal_exchange,mobile,AU,DEV-025A
TX-0278,ACC-020,2026-06-15T01:58:54Z,trade,3382.71,ETH,internal_exchange,mobile,DE,DEV-020A
TX-0279,ACC-009,2026-06-15T12:23:11Z,withdrawal,580.8,ETH,0x98770c77f02210b3df2f9941,mobile,BR,DEV-009A
TX-0280,ACC-020,2026-06-15T14:22:11Z,withdrawal,2.5,BTC,1KP_SANCTIONED_ADDRESS_BTC_0982,api,KP,DEV-20B
TX-0281,ACC-038,2026-06-15T15:32:01Z,trade,712.82,EUR,internal_exchange,mobile,JP,DEV-038A
TX-0282,ACC-036,2026-06-15T15:35:44Z,deposit,2994.24,USDT,external_wallet_7311,web,JP,DEV-036B
TX-0283,ACC-003,2026-06-16T11:46:20Z,deposit,3537.71,USD,external_wallet_2166,api,CA,DEV-003B
TX-0284,ACC-003,2026-06-16T12:04:52Z,trade,13239.56,ETH,internal_exchange,web,CA,DEV-003B
TX-0285,ACC-013,2026-06-16T18:37:19Z,trade,10980.23,USDT,internal_exchange,api,GB,DEV-013B
TX-0286,ACC-013,2026-06-17T07:20:37Z,deposit,3456.17,ETH,external_wallet_2669,api,GB,DEV-013A
TX-0287,ACC-003,2026-06-17T14:36:10Z,trade,5386.76,BTC,internal_exchange,api,CA,DEV-003A
TX-0288,ACC-028,2026-06-17T19:12:57Z,withdrawal,3550.4,USD,0x32ab1d4a98007c1d8332b067,web,FR,DEV-028A
TX-0289,ACC-016,2026-06-18T02:55:51Z,withdrawal,2919.95,ETH,0xbbeb0d76c5b74da3b5a80441,mobile,JP,DEV-016A
TX-0290,ACC-038,2026-06-18T20:07:00Z,withdrawal,41.03,USDT,0xpeel_24322_addr,api,BR,DEV-38D
TX-0291,ACC-038,2026-06-18T20:12:00Z,withdrawal,13.62,USDT,0xpeel_80292_addr,api,BR,DEV-38D
TX-0292,ACC-038,2026-06-18T20:21:00Z,withdrawal,11.31,USDT,0xpeel_34050_addr,api,BR,DEV-38D
TX-0293,ACC-038,2026-06-18T20:27:00Z,withdrawal,25.82,USDT,0xpeel_19880_addr,api,BR,DEV-38D
TX-0294,ACC-038,2026-06-18T20:36:00Z,withdrawal,41.36,USDT,0xpeel_82132_addr,api,BR,DEV-38D
TX-0295,ACC-038,2026-06-18T20:39:00Z,withdrawal,7.28,USDT,0xpeel_80855_addr,api,BR,DEV-38D
TX-0296,ACC-038,2026-06-18T23:39:43Z,trade,9173.41,USD,internal_exchange,web,JP,DEV-038A
TX-0297,ACC-009,2026-06-19T04:11:44Z,withdrawal,4744.63,USDT,0x8df973d748eac49ed3774061,mobile,BR,DEV-009B
TX-0298,ACC-006,2026-06-19T07:03:23Z,trade,13584.33,ETH,internal_exchange,mobile,DE,DEV-006A
TX-0299,ACC-031,2026-06-19T10:57:27Z,withdrawal,4669.16,USDT,0x8790ac492d24331f2160cf92,api,SG,DEV-031B
TX-0300,ACC-039,2026-06-19T16:01:07Z,withdrawal,4397.84,BTC,0x5926b8469c09cec559d83dca,mobile,CA,DEV-039B
